Metric,Baseline,Enhanced,Absolute_Improvement,Relative_Improvement_%
Accuracy,0.686614710734399,0.9663234541213949,0.2797087433869959,40.737365368682696
Precision,0.3463203463203463,0.8863096808230019,0.5399893345026556,155.92192033764184
Recall,0.6361829025844931,0.9542743538767395,0.3180914512922465,49.999999999999986
F1-Score,0.44849334267694463,0.9190371991247265,0.47054385644778185,104.91657549234137
ROC-AUC,0.7290902472489009,0.9943043404108003,0.26521409316189937,36.37603083605082
PR-AUC,0.40348509859068993,0.9811487470225656,0.5776636484318757,143.1685210803482
